,Neighborhood,Latitude,Longitude,Aquarium,Art Gallery,Arts & Crafts Store,Athletics & Sports,Auto Dealership,BBQ Joint,Bagel Shop,Bakery,Bar,Baseball Stadium,Basketball Stadium,Beach,Beer Bar,Bike Shop,Bookstore,Botanical Garden,Boutique,Breakfast Spot,Brewery,Bridge,Bubble Tea Shop,Burger Joint,Burrito Place,Butcher,Café,Castle,Cemetery,Chocolate Shop,Circus,Clothing Store,Cocktail Bar,Coffee Shop,Comic Shop,Concert Hall,Cosmetics Shop,Creperie,Cupcake Shop,Dance Studio,Deli / Bodega,Department Store,Dessert Shop,Diner,Distribution Center,Dog Run,Donut Shop,Electronics Store,Event Space,Farm,Farmers Market,Field,Fish & Chips Shop,Flea Market,Flower Shop,Food & Drink Shop,Food Truck,Frozen Yogurt Shop,Furniture / Home Store,Garden,Gastropub,General Entertainment,Golf Course,Gourmet Shop,Grocery Store,Gym,Gym / Fitness Center,Harbor / Marina,Health & Beauty Service,Health Food Store,Historic Site,History Museum,Hostel,Hotel,Hotel Bar,Ice Cream Shop,Indie Movie Theater,Jewelry Store,Juice Bar,Lake,Liquor Store,Monument / Landmark,Movie Theater,Museum,Music School,Music Store,Nail Salon,Nightclub,Nudist Beach,Organic Grocery,Other Great Outdoors,Park,Performing Arts Venue,Pet Store,Pharmacy,Pizza Place,Playground,Plaza,Pool Hall,Pub,Record Shop,Rock Climbing Spot,Salon / Barbershop,Sandwich Place,Scenic Lookout,Shoe Store,Shopping Mall,Skating Rink,Snack Place,Soccer Field,Soup Place,Spa,Speakeasy,Sporting Goods Shop,Sports Bar,Steakhouse,Supermarket,Taco Place,Tea Room,Theater,Toy / Game Store,Trail,Train Station,Warehouse Store,Wine Bar,Yoga Studio,Zoo,Scaled Price,Restaurant
0,Berczy Park,43.64477080000001,-79.37330639999996,0.01,0.01,0.0,0.01,0.0,0.0,0.0,0.02,0.01,0.01,0.01,0.0,0.02,0.0,0.0,0.01,0.0,0.0,0.01,0.0,0.0,0.0,0.0,0.0,0.01,0.0,0.0,0.01,0.01,0.01,0.0,0.11,0.0,0.0,0.01,0.01,0.0,0.01,0.0,0.0,0.01,0.03,0.0,0.0,0.0,0.0,0.0,0.0,0.03,0.0,0.0,0.0,0.0,0.0,0.01,0.0,0.0,0.02,0.02,0.0,0.0,0.0,0.0,0.03,0.0,0.0,0.0,0.0,0.02,0.0,0.0,0.03,0.0,0.0,0.0,0.0,0.0,0.01,0.01,0.01,0.0,0.0,0.0,0.0,0.0,0.0,0.0,0.0,0.0,0.07,0.01,0.0,0.0,0.03,0.0,0.03,0.0,0.0,0.01,0.0,0.0,0.03,0.01,0.01,0.0,0.01,0.0,0.0,0.0,0.01,0.01,0.0,0.0,0.0,0.01,0.0,0.0,0.01,0.0,0.0,0.01,0.0,0.0,0.0,0.0,0.9091334894613583,0.18999999999999997
1,"Brockton, Parkdale Village, Exhibition Place",43.63684719999997,-79.42819139999995,0.01,0.01,0.0,0.0,0.0,0.0,0.0,0.04,0.05,0.0,0.0,0.0,0.05,0.0,0.0,0.0,0.0,0.0,0.02,0.01,0.0,0.0,0.0,0.01,0.05,0.0,0.0,0.0,0.0,0.0,0.02,0.04,0.0,0.0,0.01,0.0,0.0,0.0,0.0,0.0,0.01,0.01,0.0,0.02,0.0,0.0,0.0,0.0,0.0,0.0,0.0,0.0,0.0,0.0,0.0,0.0,0.0,0.01,0.0,0.0,0.0,0.0,0.01,0.02,0.0,0.01,0.0,0.01,0.0,0.0,0.01,0.02,0.0,0.01,0.0,0.0,0.0,0.0,0.0,0.01,0.01,0.0,0.0,0.01,0.0,0.0,0.0,0.01,0.0,0.11,0.01,0.0,0.0,0.04,0.0,0.0,0.0,0.0,0.01,0.0,0.0,0.03,0.02,0.01,0.0,0.0,0.0,0.0,0.0,0.0,0.0,0.0,0.0,0.0,0.0,0.01,0.0,0.0,0.0,0.01,0.0,0.0,0.02,0.0,0.0,0.5592087298819075,0.23
2,"CN Tower, King and Spadina, Railway Lands, Harbourfront West, Bathurst Quay, South Niagara, Island airport",43.62894669999992,-79.39441989999982,0.01,0.01,0.0,0.0,0.0,0.0,0.0,0.04,0.02,0.0,0.01,0.0,0.03,0.0,0.0,0.0,0.0,0.0,0.02,0.0,0.0,0.0,0.0,0.01,0.04,0.0,0.0,0.0,0.0,0.01,0.02,0.04,0.0,0.0,0.01,0.0,0.0,0.0,0.0,0.0,0.02,0.01,0.0,0.0,0.0,0.0,0.0,0.0,0.02,0.0,0.0,0.0,0.0,0.0,0.01,0.0,0.0,0.01,0.01,0.0,0.0,0.0,0.0,0.04,0.0,0.01,0.0,0.0,0.0,0.0,0.01,0.03,0.0,0.01,0.0,0.0,0.0,0.01,0.01,0.01,0.01,0.0,0.0,0.0,0.0,0.0,0.01,0.01,0.0,0.08,0.01,0.0,0.0,0.03,0.0,0.01,0.0,0.01,0.01,0.0,0.0,0.03,0.02,0.01,0.0,0.0,0.0,0.0,0.0,0.0,0.01,0.0,0.0,0.0,0.0,0.01,0.0,0.01,0.0,0.0,0.01,0.0,0.01,0.0,0.0,0.7935178412800961,0.22000000000000003
3,Central Bay Street,43.657952399999985,-79.38738259999997,0.01,0.01,0.01,0.0,0.0,0.0,0.0,0.01,0.02,0.0,0.01,0.0,0.03,0.0,0.01,0.0,0.0,0.0,0.01,0.0,0.01,0.0,0.0,0.0,0.05,0.0,0.0,0.0,0.0,0.01,0.01,0.07,0.01,0.01,0.01,0.01,0.0,0.02,0.0,0.0,0.01,0.02,0.0,0.0,0.0,0.0,0.0,0.0,0.02,0.0,0.0,0.0,0.0,0.0,0.01,0.0,0.0,0.01,0.01,0.0,0.0,0.0,0.0,0.03,0.0,0.0,0.0,0.0,0.01,0.0,0.01,0.03,0.0,0.0,0.0,0.0,0.0,0.0,0.0,0.01,0.0,0.01,0.01,0.0,0.0,0.0,0.0,0.01,0.0,0.03,0.0,0.0,0.0,0.02,0.0,0.01,0.0,0.0,0.01,0.0,0.0,0.03,0.01,0.01,0.0,0.0,0.0,0.0,0.0,0.01,0.01,0.0,0.0,0.01,0.01,0.01,0.0,0.01,0.0,0.0,0.01,0.0,0.01,0.0,0.0,0.44574551131928186,0.26
4,Christie,43.669542,-79.4225637,0.0,0.01,0.0,0.0,0.0,0.01,0.0,0.04,0.06,0.0,0.0,0.0,0.03,0.0,0.01,0.0,0.0,0.0,0.02,0.0,0.01,0.0,0.0,0.01,0.07,0.01,0.0,0.0,0.0,0.0,0.02,0.06,0.01,0.01,0.01,0.0,0.0,0.01,0.0,0.0,0.01,0.01,0.0,0.0,0.0,0.0,0.01,0.0,0.0,0.01,0.0,0.0,0.0,0.0,0.0,0.0,0.0,0.0,0.0,0.0,0.0,0.0,0.01,0.0,0.0,0.0,0.0,0.01,0.0,0.0,0.01,0.0,0.0,0.02,0.0,0.0,0.01,0.0,0.01,0.0,0.0,0.01,0.01,0.01,0.0,0.0,0.0,0.01,0.0,0.07,0.0,0.0,0.0,0.04,0.0,0.0,0.0,0.0,0.01,0.0,0.0,0.04,0.0,0.01,0.0,0.0,0.0,0.0,0.0,0.02,0.0,0.0,0.0,0.0,0.0,0.01,0.0,0.0,0.0,0.0,0.0,0.0,0.02,0.0,0.0,1.0,0.22
5,Church and Wellesley,43.665859900000065,-79.38315990000012,0.0,0.01,0.01,0.0,0.0,0.01,0.0,0.01,0.02,0.0,0.0,0.0,0.02,0.0,0.01,0.0,0.0,0.0,0.0,0.0,0.01,0.0,0.0,0.0,0.06,0.0,0.0,0.0,0.0,0.01,0.01,0.09,0.01,0.01,0.01,0.01,0.0,0.02,0.0,0.0,0.01,0.02,0.0,0.0,0.0,0.0,0.0,0.01,0.04,0.0,0.0,0.0,0.0,0.0,0.01,0.0,0.0,0.01,0.01,0.0,0.0,0.0,0.01,0.02,0.0,0.0,0.0,0.0,0.03,0.0,0.01,0.02,0.0,0.01,0.0,0.0,0.01,0.0,0.02,0.0,0.0,0.01,0.01,0.0,0.0,0.0,0.0,0.01,0.0,0.05,0.0,0.0,0.0,0.02,0.0,0.01,0.0,0.0,0.01,0.0,0.0,0.02,0.0,0.01,0.0,0.0,0.0,0.0,0.0,0.01,0.01,0.0,0.0,0.01,0.01,0.0,0.0,0.01,0.0,0.0,0.0,0.0,0.01,0.0,0.0,0.7218467714954835,0.21000000000000002
6,Davisville,43.7043244,-79.3887901,0.0,0.0,0.0,0.01,0.01,0.03,0.02,0.04,0.0,0.0,0.0,0.0,0.0,0.01,0.01,0.0,0.0,0.0,0.01,0.0,0.01,0.0,0.0,0.0,0.06,0.01,0.0,0.0,0.0,0.0,0.0,0.06,0.01,0.01,0.0,0.0,0.0,0.01,0.01,0.0,0.01,0.0,0.0,0.01,0.0,0.0,0.01,0.0,0.01,0.01,0.01,0.0,0.01,0.01,0.0,0.0,0.01,0.01,0.01,0.0,0.0,0.02,0.03,0.02,0.01,0.0,0.0,0.0,0.01,0.0,0.0,0.0,0.0,0.01,0.0,0.0,0.01,0.0,0.03,0.0,0.01,0.01,0.0,0.0,0.0,0.0,0.0,0.0,0.02,0.1,0.0,0.0,0.0,0.0,0.0,0.01,0.0,0.0,0.0,0.0,0.0,0.01,0.0,0.0,0.01,0.0,0.0,0.0,0.0,0.02,0.0,0.01,0.01,0.0,0.02,0.0,0.01,0.0,0.0,0.0,0.0,0.01,0.0,0.01,0.0,0.9765807962529274,0.17
7,"Dufferin, Dovercourt Village",43.669005100000014,-79.4422593,0.0,0.0,0.0,0.0,0.0,0.01,0.0,0.03,0.07,0.0,0.0,0.0,0.04,0.0,0.0,0.0,0.01,0.0,0.04,0.0,0.0,0.0,0.0,0.0,0.14,0.01,0.0,0.0,0.0,0.0,0.01,0.06,0.0,0.0,0.0,0.0,0.01,0.0,0.0,0.0,0.01,0.0,0.0,0.02,0.0,0.0,0.01,0.0,0.0,0.01,0.0,0.0,0.0,0.0,0.0,0.0,0.0,0.0,0.01,0.0,0.0,0.0,0.02,0.0,0.0,0.0,0.0,0.01,0.0,0.0,0.01,0.0,0.0,0.03,0.0,0.0,0.0,0.0,0.0,0.0,0.0,0.0,0.0,0.01,0.0,0.0,0.0,0.0,0.0,0.06,0.0,0.0,0.0,0.02,0.01,0.0,0.0,0.0,0.0,0.0,0.0,0.01,0.01,0.0,0.0,0.0,0.01,0.0,0.01,0.0,0.01,0.0,0.0,0.0,0.0,0.0,0.0,0.0,0.0,0.0,0.0,0.0,0.01,0.0,0.0,0.355602700096432,0.27999999999999997
8,"Garden District, Ryerson",43.657161799999976,-79.37893709999996,0.01,0.01,0.01,0.0,0.0,0.0,0.0,0.01,0.01,0.0,0.01,0.0,0.02,0.0,0.01,0.0,0.0,0.0,0.01,0.0,0.01,0.0,0.0,0.0,0.03,0.0,0.0,0.01,0.0,0.01,0.0,0.1,0.01,0.01,0.01,0.01,0.0,0.02,0.0,0.0,0.01,0.02,0.0,0.0,0.0,0.0,0.0,0.01,0.03,0.0,0.0,0.0,0.0,0.0,0.01,0.0,0.0,0.01,0.01,0.0,0.0,0.0,0.0,0.02,0.0,0.0,0.0,0.0,0.02,0.0,0.01,0.03,0.0,0.0,0.0,0.0,0.0,0.01,0.01,0.01,0.0,0.01,0.0,0.0,0.0,0.0,0.0,0.01,0.0,0.06,0.01,0.0,0.0,0.02,0.0,0.01,0.0,0.0,0.01,0.0,0.0,0.03,0.01,0.01,0.0,0.0,0.0,0.0,0.0,0.01,0.01,0.0,0.0,0.01,0.01,0.0,0.0,0.01,0.0,0.0,0.01,0.0,0.01,0.0,0.0,0.6973725164312155,0.21000000000000002
9,"Harbourfront East, Union Station, Toronto Islands",43.64081570000005,-79.38175229999985,0.01,0.01,0.01,0.0,0.0,0.0,0.0,0.04,0.01,0.01,0.01,0.0,0.02,0.0,0.0,0.0,0.0,0.0,0.01,0.0,0.0,0.0,0.0,0.01,0.03,0.0,0.0,0.0,0.0,0.01,0.01,0.09,0.0,0.0,0.01,0.01,0.0,0.0,0.0,0.0,0.01,0.02,0.0,0.0,0.0,0.0,0.0,0.0,0.03,0.0,0.0,0.0,0.0,0.0,0.01,0.0,0.0,0.01,0.01,0.0,0.0,0.0,0.0,0.04,0.0,0.01,0.0,0.0,0.01,0.0,0.0,0.03,0.0,0.0,0.0,0.0,0.0,0.01,0.01,0.01,0.0,0.0,0.0,0.0,0.0,0.0,0.0,0.01,0.0,0.07,0.01,0.0,0.0,0.02,0.0,0.03,0.0,0.0,0.01,0.0,0.0,0.03,0.01,0.01,0.0,0.01,0.0,0.0,0.0,0.01,0.01,0.0,0.0,0.0,0.0,0.01,0.0,0.01,0.0,0.0,0.01,0.0,0.0,0.0,0.0,0.7966255056418992,0.21000000000000002
10,"India Bazaar, The Beaches West",43.6689985,-79.31557159999998,0.0,0.0,0.0,0.0,0.0,0.02,0.01,0.04,0.01,0.0,0.0,0.05,0.01,0.0,0.01,0.0,0.01,0.02,0.05,0.0,0.0,0.0,0.01,0.01,0.06,0.0,0.0,0.0,0.0,0.0,0.0,0.08,0.01,0.0,0.0,0.0,0.0,0.0,0.0,0.0,0.0,0.01,0.0,0.0,0.0,0.0,0.0,0.0,0.01,0.0,0.01,0.01,0.0,0.0,0.0,0.0,0.0,0.0,0.04,0.0,0.0,0.0,0.01,0.01,0.0,0.0,0.0,0.0,0.0,0.0,0.0,0.01,0.0,0.04,0.01,0.0,0.0,0.0,0.01,0.0,0.0,0.0,0.0,0.0,0.01,0.0,0.0,0.0,0.0,0.09,0.0,0.0,0.0,0.05,0.0,0.0,0.0,0.0,0.0,0.0,0.0,0.0,0.0,0.0,0.0,0.01,0.01,0.01,0.0,0.0,0.0,0.0,0.0,0.0,0.0,0.0,0.0,0.0,0.01,0.01,0.0,0.0,0.0,0.0,0.0,0.0,0.22000000000000003
11,"Kensington Market, Chinatown, Grange Park",43.653205699999965,-79.40004930000002,0.01,0.01,0.0,0.0,0.0,0.0,0.0,0.04,0.02,0.0,0.0,0.0,0.03,0.0,0.01,0.0,0.0,0.0,0.02,0.0,0.01,0.0,0.0,0.01,0.06,0.0,0.0,0.0,0.0,0.01,0.02,0.06,0.0,0.01,0.01,0.0,0.0,0.01,0.0,0.0,0.01,0.01,0.0,0.0,0.0,0.0,0.0,0.0,0.0,0.0,0.0,0.0,0.0,0.0,0.01,0.0,0.0,0.01,0.0,0.0,0.0,0.0,0.0,0.03,0.0,0.0,0.0,0.01,0.01,0.0,0.01,0.03,0.0,0.01,0.0,0.0,0.0,0.0,0.0,0.01,0.0,0.01,0.01,0.0,0.0,0.0,0.0,0.01,0.0,0.07,0.01,0.0,0.0,0.03,0.0,0.01,0.0,0.0,0.01,0.0,0.0,0.04,0.01,0.01,0.0,0.0,0.0,0.0,0.0,0.0,0.01,0.0,0.0,0.0,0.01,0.01,0.0,0.01,0.0,0.0,0.01,0.0,0.01,0.0,0.0,0.5500970224155237,0.22000000000000003
12,"Little Portugal, Trinity",43.6479267,-79.4197497,0.01,0.01,0.0,0.0,0.0,0.0,0.0,0.04,0.06,0.0,0.0,0.0,0.05,0.0,0.0,0.0,0.0,0.0,0.03,0.0,0.0,0.0,0.0,0.01,0.05,0.0,0.0,0.0,0.0,0.0,0.02,0.03,0.0,0.01,0.01,0.0,0.0,0.0,0.0,0.0,0.01,0.01,0.0,0.0,0.0,0.0,0.0,0.0,0.0,0.0,0.0,0.0,0.0,0.0,0.0,0.0,0.0,0.01,0.0,0.0,0.0,0.0,0.01,0.02,0.0,0.01,0.0,0.01,0.0,0.0,0.01,0.03,0.0,0.01,0.0,0.0,0.0,0.0,0.0,0.01,0.01,0.01,0.0,0.01,0.0,0.0,0.0,0.01,0.0,0.09,0.0,0.0,0.0,0.04,0.0,0.01,0.0,0.0,0.01,0.0,0.0,0.03,0.01,0.01,0.0,0.0,0.0,0.0,0.0,0.0,0.01,0.0,0.0,0.0,0.0,0.01,0.0,0.0,0.0,0.0,0.0,0.0,0.02,0.0,0.0,0.6594941451990632,0.24
13,"North Toronto West, Lawrence Park",43.7153834,-79.40567840000001,0.0,0.0,0.0,0.0,0.0,0.04,0.01,0.02,0.01,0.0,0.0,0.0,0.0,0.01,0.0,0.01,0.0,0.02,0.02,0.0,0.0,0.0,0.0,0.0,0.06,0.01,0.0,0.01,0.0,0.02,0.0,0.07,0.0,0.0,0.0,0.0,0.0,0.0,0.0,0.0,0.01,0.0,0.0,0.01,0.0,0.0,0.01,0.0,0.02,0.01,0.01,0.0,0.01,0.01,0.0,0.0,0.01,0.01,0.01,0.0,0.0,0.01,0.03,0.04,0.01,0.0,0.0,0.0,0.02,0.0,0.0,0.0,0.0,0.02,0.0,0.0,0.01,0.0,0.04,0.0,0.02,0.01,0.0,0.0,0.0,0.0,0.0,0.0,0.01,0.1,0.0,0.0,0.0,0.0,0.0,0.01,0.0,0.0,0.0,0.0,0.0,0.01,0.0,0.0,0.01,0.0,0.0,0.0,0.0,0.02,0.0,0.01,0.01,0.0,0.02,0.0,0.0,0.0,0.01,0.01,0.0,0.0,0.0,0.01,0.0,0.13348946135831385,0.13
14,"Parkdale, Roncesvalles",43.6489597,-79.456325,0.0,0.0,0.0,0.0,0.0,0.0,0.0,0.06,0.04,0.0,0.0,0.0,0.03,0.0,0.0,0.0,0.0,0.0,0.04,0.01,0.0,0.0,0.01,0.01,0.08,0.0,0.0,0.0,0.0,0.0,0.01,0.06,0.0,0.0,0.0,0.0,0.0,0.0,0.02,0.0,0.0,0.01,0.0,0.02,0.0,0.0,0.01,0.0,0.0,0.0,0.01,0.0,0.01,0.0,0.0,0.01,0.0,0.0,0.01,0.0,0.0,0.0,0.02,0.0,0.0,0.0,0.0,0.01,0.0,0.0,0.01,0.0,0.0,0.04,0.0,0.0,0.0,0.0,0.01,0.0,0.01,0.0,0.0,0.01,0.0,0.0,0.0,0.0,0.0,0.1,0.0,0.0,0.0,0.05,0.0,0.0,0.0,0.01,0.0,0.0,0.0,0.01,0.02,0.01,0.0,0.0,0.0,0.0,0.0,0.0,0.0,0.0,0.0,0.0,0.01,0.01,0.0,0.0,0.0,0.01,0.0,0.0,0.01,0.0,0.0,0.4285714285714286,0.19999999999999998
15,"Regent Park, Harbourfront",43.65425989999996,-79.3606358999999,0.0,0.01,0.0,0.01,0.0,0.0,0.0,0.02,0.0,0.0,0.01,0.01,0.0,0.0,0.01,0.01,0.0,0.0,0.0,0.0,0.01,0.0,0.0,0.0,0.04,0.0,0.0,0.01,0.01,0.01,0.0,0.13,0.0,0.0,0.0,0.01,0.0,0.02,0.0,0.0,0.0,0.02,0.0,0.01,0.0,0.0,0.0,0.01,0.03,0.0,0.0,0.0,0.0,0.0,0.01,0.0,0.0,0.01,0.03,0.0,0.0,0.0,0.0,0.02,0.0,0.0,0.0,0.0,0.02,0.0,0.0,0.04,0.01,0.02,0.0,0.0,0.0,0.01,0.01,0.0,0.0,0.0,0.0,0.0,0.0,0.0,0.0,0.0,0.0,0.08,0.01,0.0,0.0,0.03,0.0,0.03,0.0,0.01,0.0,0.0,0.0,0.01,0.0,0.0,0.0,0.0,0.0,0.0,0.0,0.0,0.01,0.0,0.0,0.01,0.01,0.0,0.0,0.01,0.0,0.0,0.01,0.0,0.0,0.0,0.0,0.7032024088323856,0.18000000000000002
16,"Richmond, Adelaide, King",43.65057120000004,-79.38456750000006,0.01,0.01,0.01,0.0,0.0,0.0,0.0,0.02,0.01,0.01,0.01,0.0,0.02,0.0,0.0,0.0,0.0,0.0,0.01,0.0,0.01,0.0,0.0,0.0,0.04,0.0,0.0,0.0,0.0,0.01,0.01,0.08,0.0,0.0,0.01,0.01,0.0,0.02,0.0,0.0,0.01,0.02,0.0,0.0,0.0,0.0,0.0,0.0,0.03,0.0,0.0,0.0,0.0,0.0,0.01,0.0,0.0,0.02,0.0,0.0,0.0,0.0,0.0,0.03,0.0,0.0,0.0,0.0,0.02,0.0,0.01,0.03,0.0,0.0,0.0,0.0,0.0,0.01,0.01,0.01,0.0,0.0,0.0,0.0,0.0,0.0,0.0,0.01,0.0,0.05,0.01,0.0,0.0,0.02,0.0,0.01,0.0,0.0,0.01,0.0,0.0,0.03,0.01,0.01,0.0,0.01,0.0,0.0,0.0,0.01,0.01,0.0,0.0,0.0,0.01,0.01,0.0,0.01,0.0,0.0,0.01,0.0,0.01,0.0,0.0,0.9665548452433699,0.22999999999999998
17,Rosedale,43.6795626,-79.37752940000001,0.0,0.01,0.01,0.0,0.0,0.01,0.0,0.02,0.01,0.0,0.0,0.0,0.01,0.0,0.01,0.01,0.0,0.0,0.0,0.0,0.01,0.0,0.0,0.0,0.07,0.01,0.0,0.0,0.0,0.01,0.0,0.1,0.01,0.01,0.0,0.0,0.0,0.02,0.0,0.0,0.01,0.01,0.0,0.0,0.0,0.0,0.0,0.01,0.03,0.0,0.01,0.0,0.0,0.0,0.01,0.0,0.0,0.01,0.01,0.0,0.0,0.01,0.02,0.01,0.0,0.0,0.0,0.01,0.03,0.0,0.01,0.01,0.01,0.02,0.0,0.0,0.01,0.0,0.01,0.0,0.0,0.01,0.01,0.0,0.0,0.0,0.0,0.01,0.0,0.09,0.0,0.0,0.0,0.01,0.0,0.02,0.0,0.0,0.01,0.0,0.0,0.01,0.0,0.0,0.0,0.0,0.0,0.0,0.0,0.01,0.0,0.0,0.0,0.01,0.01,0.0,0.0,0.01,0.0,0.0,0.0,0.0,0.0,0.0,0.0,0.4897236533957845,0.2
18,"Runnymede, Swansea",43.6515706,-79.4844499,0.0,0.0,0.0,0.01,0.0,0.01,0.0,0.05,0.05,0.0,0.0,0.01,0.01,0.0,0.0,0.0,0.0,0.01,0.05,0.01,0.0,0.01,0.0,0.0,0.09,0.0,0.0,0.0,0.0,0.0,0.0,0.1,0.0,0.0,0.0,0.0,0.0,0.0,0.01,0.0,0.01,0.0,0.0,0.02,0.01,0.0,0.0,0.0,0.0,0.0,0.0,0.0,0.0,0.0,0.0,0.0,0.0,0.01,0.02,0.0,0.01,0.0,0.01,0.0,0.0,0.0,0.0,0.0,0.0,0.0,0.0,0.0,0.0,0.04,0.0,0.0,0.01,0.0,0.02,0.0,0.0,0.0,0.0,0.0,0.0,0.0,0.0,0.0,0.01,0.08,0.0,0.0,0.0,0.01,0.01,0.0,0.01,0.0,0.0,0.0,0.0,0.0,0.03,0.0,0.0,0.0,0.01,0.0,0.01,0.0,0.01,0.0,0.0,0.0,0.01,0.0,0.0,0.0,0.0,0.01,0.0,0.0,0.0,0.01,0.01,0.021077283372365363,0.2
19,St. James Town,43.6514939,-79.3754179,0.01,0.01,0.0,0.01,0.0,0.0,0.0,0.01,0.01,0.0,0.01,0.0,0.02,0.0,0.0,0.01,0.0,0.0,0.01,0.0,0.01,0.0,0.0,0.0,0.01,0.0,0.0,0.01,0.01,0.01,0.0,0.12,0.0,0.0,0.01,0.01,0.0,0.02,0.0,0.0,0.01,0.03,0.0,0.0,0.0,0.0,0.0,0.0,0.03,0.0,0.0,0.0,0.0,0.0,0.01,0.0,0.0,0.01,0.01,0.0,0.0,0.0,0.0,0.02,0.0,0.0,0.0,0.0,0.02,0.0,0.0,0.03,0.0,0.0,0.0,0.0,0.0,0.01,0.01,0.01,0.0,0.0,0.0,0.0,0.0,0.0,0.0,0.01,0.0,0.06,0.01,0.0,0.0,0.02,0.0,0.02,0.0,0.0,0.01,0.0,0.0,0.03,0.01,0.01,0.0,0.01,0.0,0.0,0.0,0.01,0.01,0.0,0.0,0.01,0.01,0.0,0.0,0.01,0.0,0.0,0.01,0.0,0.0,0.0,0.0,0.5811308129809301,0.22
20,"St. James Town, Cabbagetown",43.66796699999998,-79.36767529999999,0.0,0.01,0.0,0.01,0.0,0.01,0.0,0.02,0.0,0.0,0.0,0.0,0.0,0.0,0.01,0.01,0.0,0.0,0.0,0.0,0.01,0.0,0.0,0.0,0.04,0.0,0.0,0.01,0.0,0.01,0.0,0.14,0.01,0.01,0.0,0.01,0.0,0.02,0.0,0.0,0.0,0.02,0.0,0.0,0.0,0.0,0.0,0.01,0.04,0.0,0.0,0.0,0.0,0.0,0.01,0.0,0.0,0.01,0.02,0.0,0.0,0.01,0.01,0.01,0.0,0.0,0.0,0.0,0.03,0.0,0.0,0.02,0.01,0.03,0.0,0.0,0.01,0.0,0.02,0.0,0.0,0.01,0.01,0.0,0.0,0.0,0.0,0.0,0.0,0.09,0.0,0.0,0.0,0.03,0.0,0.02,0.0,0.0,0.0,0.0,0.0,0.01,0.0,0.0,0.0,0.0,0.0,0.0,0.0,0.01,0.0,0.0,0.0,0.01,0.01,0.0,0.0,0.01,0.0,0.0,0.0,0.0,0.0,0.0,0.0,0.47049180327868845,0.18000000000000002
21,Studio District,43.6595255,-79.340923,0.0,0.0,0.0,0.01,0.0,0.0,0.0,0.03,0.0,0.0,0.0,0.03,0.01,0.0,0.01,0.01,0.0,0.0,0.04,0.0,0.0,0.0,0.0,0.0,0.07,0.0,0.0,0.01,0.01,0.01,0.0,0.11,0.01,0.01,0.01,0.0,0.0,0.01,0.0,0.0,0.0,0.02,0.01,0.01,0.0,0.0,0.0,0.01,0.04,0.0,0.0,0.0,0.0,0.0,0.01,0.0,0.0,0.01,0.02,0.0,0.0,0.0,0.01,0.0,0.0,0.0,0.0,0.0,0.03,0.0,0.0,0.01,0.01,0.03,0.0,0.0,0.0,0.0,0.01,0.0,0.0,0.0,0.0,0.0,0.0,0.01,0.0,0.0,0.0,0.07,0.0,0.0,0.0,0.03,0.0,0.0,0.0,0.01,0.0,0.0,0.0,0.01,0.0,0.0,0.0,0.0,0.01,0.02,0.0,0.0,0.0,0.0,0.0,0.01,0.0,0.0,0.0,0.01,0.0,0.0,0.0,0.0,0.0,0.0,0.0,0.7330210772833723,0.19
22,"Summerhill West, Rathnelly, South Hill, Forest Hill SE, Deer Park",43.686412299999986,-79.40004929999999,0.0,0.01,0.01,0.0,0.0,0.01,0.0,0.01,0.03,0.0,0.0,0.0,0.02,0.0,0.01,0.01,0.0,0.0,0.01,0.0,0.01,0.0,0.0,0.0,0.1,0.01,0.0,0.0,0.0,0.01,0.0,0.06,0.01,0.01,0.0,0.0,0.01,0.02,0.0,0.0,0.01,0.0,0.0,0.0,0.0,0.0,0.01,0.0,0.01,0.01,0.01,0.0,0.01,0.0,0.0,0.0,0.0,0.01,0.02,0.0,0.0,0.01,0.03,0.0,0.0,0.0,0.0,0.01,0.02,0.0,0.01,0.0,0.0,0.01,0.0,0.0,0.01,0.0,0.01,0.0,0.0,0.01,0.01,0.01,0.0,0.0,0.0,0.01,0.0,0.09,0.0,0.0,0.0,0.0,0.0,0.0,0.0,0.0,0.01,0.0,0.0,0.01,0.0,0.0,0.01,0.0,0.0,0.0,0.0,0.02,0.0,0.0,0.0,0.01,0.01,0.0,0.0,0.0,0.0,0.0,0.0,0.0,0.02,0.01,0.0,0.5001779859484778,0.2
23,"The Annex, North Midtown, Yorkville",43.67270969999999,-79.40567840000001,0.0,0.01,0.01,0.0,0.0,0.01,0.0,0.01,0.04,0.0,0.0,0.0,0.03,0.0,0.01,0.0,0.0,0.0,0.02,0.0,0.01,0.0,0.0,0.01,0.07,0.01,0.0,0.0,0.0,0.01,0.02,0.04,0.01,0.01,0.01,0.0,0.01,0.02,0.0,0.0,0.01,0.01,0.0,0.0,0.0,0.0,0.01,0.0,0.0,0.01,0.0,0.0,0.0,0.0,0.0,0.0,0.0,0.0,0.0,0.0,0.0,0.0,0.02,0.0,0.0,0.0,0.0,0.01,0.01,0.0,0.01,0.0,0.0,0.02,0.0,0.0,0.01,0.0,0.01,0.0,0.0,0.01,0.01,0.01,0.0,0.0,0.0,0.01,0.0,0.06,0.0,0.0,0.0,0.03,0.0,0.01,0.0,0.0,0.01,0.0,0.0,0.04,0.0,0.01,0.0,0.0,0.0,0.0,0.0,0.02,0.0,0.0,0.0,0.01,0.01,0.0,0.0,0.01,0.0,0.0,0.0,0.0,0.02,0.0,0.0,0.5350507416081185,0.22000000000000003
24,The Beaches,43.67635739999999,-79.2930312,0.0,0.0,0.0,0.0,0.0,0.01,0.01,0.04,0.02,0.0,0.0,0.05,0.01,0.0,0.0,0.0,0.0,0.04,0.05,0.0,0.0,0.0,0.01,0.01,0.03,0.0,0.0,0.0,0.0,0.0,0.0,0.08,0.01,0.0,0.0,0.0,0.01,0.0,0.0,0.0,0.0,0.0,0.0,0.0,0.0,0.0,0.0,0.0,0.01,0.0,0.02,0.0,0.0,0.0,0.0,0.0,0.0,0.0,0.04,0.0,0.01,0.0,0.0,0.02,0.0,0.0,0.0,0.01,0.0,0.0,0.0,0.0,0.0,0.03,0.01,0.0,0.0,0.0,0.01,0.0,0.0,0.0,0.0,0.0,0.01,0.0,0.0,0.0,0.0,0.09,0.0,0.0,0.0,0.03,0.01,0.0,0.0,0.03,0.0,0.01,0.0,0.01,0.0,0.0,0.0,0.01,0.01,0.01,0.0,0.0,0.0,0.0,0.0,0.0,0.0,0.0,0.0,0.0,0.01,0.01,0.0,0.0,0.0,0.0,0.0,0.2177985948477752,0.21000000000000002
25,"The Danforth West, Riverdale",43.67955709999999,-79.352188,0.0,0.0,0.0,0.0,0.0,0.01,0.0,0.03,0.0,0.0,0.0,0.0,0.01,0.0,0.02,0.01,0.0,0.0,0.05,0.0,0.01,0.0,0.0,0.01,0.07,0.0,0.0,0.01,0.0,0.01,0.0,0.1,0.02,0.01,0.01,0.0,0.0,0.02,0.0,0.0,0.0,0.01,0.0,0.0,0.0,0.0,0.0,0.01,0.03,0.0,0.01,0.0,0.0,0.0,0.0,0.0,0.0,0.01,0.03,0.0,0.0,0.01,0.01,0.0,0.0,0.0,0.0,0.0,0.03,0.0,0.0,0.01,0.01,0.03,0.0,0.0,0.01,0.0,0.01,0.0,0.0,0.0,0.0,0.0,0.0,0.0,0.0,0.0,0.0,0.09,0.0,0.0,0.0,0.02,0.0,0.0,0.0,0.01,0.0,0.0,0.0,0.02,0.0,0.0,0.0,0.0,0.01,0.01,0.0,0.01,0.0,0.0,0.0,0.01,0.01,0.0,0.0,0.0,0.0,0.0,0.0,0.0,0.0,0.0,0.0,0.5400468384074941,0.18
26,"University of Toronto, Harbord",43.6626956,-79.4000493,0.0,0.01,0.01,0.0,0.0,0.01,0.0,0.04,0.02,0.0,0.0,0.0,0.03,0.0,0.01,0.0,0.0,0.0,0.01,0.0,0.01,0.0,0.0,0.01,0.07,0.01,0.0,0.0,0.0,0.01,0.02,0.05,0.01,0.01,0.01,0.0,0.01,0.02,0.0,0.0,0.01,0.01,0.0,0.0,0.0,0.0,0.0,0.0,0.0,0.0,0.0,0.0,0.0,0.0,0.0,0.0,0.0,0.0,0.0,0.0,0.0,0.0,0.01,0.01,0.0,0.0,0.0,0.01,0.01,0.0,0.01,0.02,0.0,0.01,0.0,0.0,0.01,0.0,0.01,0.0,0.0,0.01,0.01,0.01,0.0,0.0,0.0,0.01,0.0,0.05,0.0,0.0,0.0,0.03,0.0,0.01,0.0,0.0,0.01,0.0,0.0,0.04,0.0,0.01,0.0,0.0,0.0,0.0,0.0,0.01,0.01,0.0,0.0,0.01,0.01,0.01,0.0,0.01,0.0,0.0,0.0,0.0,0.01,0.0,0.0,0.4697517564402811,0.23
